,A.0_ID flood wave shape,A.1_Bmax,A.1_Brate,A.1_pfail,A.2_Bmax,A.2_Brate,A.2_pfail,A.3_Bmax,A.3_Brate,A.3_pfail,A.4_Bmax,A.4_Brate,A.4_pfail,A.5_Bmax,A.5_Brate,A.5_pfail,discount rate 0,discount rate 1,discount rate 2
0,95.0,339.58941242785454,10.0,0.839096916223961,179.88879388236327,10.0,0.8186921284410378,285.25658703992315,1.0,0.9923720495640252,206.8718123593514,1.5,0.7576144193660077,94.27539241873006,1.5,0.960482245324414,3.5,4.5,2.5
1,129.0,250.6525421542513,10.0,0.850895136507791,255.5965811876268,1.0,0.9666089703837174,108.313812022573,1.0,0.9633665574928504,63.17840554441683,1.5,0.3947791764940397,45.67778642933262,10.0,0.7822084339857054,1.5,4.5,3.5
2,95.0,131.99720303286563,10.0,0.2663908505992912,50.34276418617959,1.5,0.1045738753237611,127.6349506862407,10.0,0.045966581384843,150.10042431520876,1.5,0.934331520404607,194.88845898718213,10.0,0.1100172586865149,1.5,1.5,1.5
3,56.0,111.135370760785,1.0,0.2865662842342559,218.4378707543544,1.0,0.0252808265097209,225.2841098538161,1.5,0.0567027416827404,344.5348810851036,10.0,0.1587292988177899,130.45472993422973,1.0,0.3458329987068641,4.5,3.5,2.5
